{
  "project_info": {
    "project_number": "225164963921",
    "project_id": "maps-2018-c9d8e",
    "storage_bucket": "maps-2018-c9d8e.appspot.com"
  },
  "client": [
    {
      "client_info": {
        "mobilesdk_app_id": "1:225164963921:android:97769c2463cb338cf6c870",
        "android_client_info": {
          "package_name": "com.codingwithmitch.googlemaps2018"
        }
      },
      "oauth_client": [
        {
          "client_id": "225164963921-tae19alj1lhmsvqhbdl6lmff4aejouvt.apps.googleusercontent.com",
          "client_type": 3
        }
      ],
      "api_key": [
        {
          "current_key": "AIzaSyAmoUt4F4zOpdkThPDw3UhuenMogGwhUKg"
        }
      ],
      "services": {
        "appinvite_service": {
          "other_platform_oauth_client": [
            {
              "client_id": "225164963921-tae19alj1lhmsvqhbdl6lmff4aejouvt.apps.googleusercontent.com",
              "client_type": 3
            }
          ]
        }
      }
    }
  ],
  "configuration_version": "1"
}